"parameter","X2.5.","X50.","X97.5."
"OMEGA1.1",0.0418258875,0.05701905,0.0838113375
"OMEGA2.1",-0.00959518125,0.0094112,0.030523735
"OMEGA2.2",0.0283443075,0.05006255,0.07111656
"SIGMA1.1",0.038283815,0.04288435,0.048515805
"SIGMA2.1",0,0,0
"SIGMA2.2",0.00398621075,0.01307415,0.0199822825
"THETA1",10.9251625,11.4306,12.1431325
"THETA2",83.4470475,89.62735,97.42577
